date,UnmannedCombatAerialVehicles,NavalShips,AntiAircraftGuns,Radars,JammersAndDeceptionSystems,SelfPropelledAntiAircraftGuns,SelfPropelledAntiTankMissileSystems,MineResistantAmbushProtected,Aircraft,Helicopters,SurfaceToAirMissileSystems,ArtillerySupportVehiclesAndEquipment,TowedArtillery,ReconnaissanceUnmannedAerialVehicles,MultipleRocketLaunchers,InfantryMobilityVehicles,CommandPostsAndCommunicationsStations,EngineeringVehiclesAndEquipment,ArmouredPersonnelCarriers,SelfPropelledArtillery,ArmouredFightingVehicles,Tanks,InfantryFightingVehicles,TrucksVehiclesandJeeps
20220224,,,,,,,,,2,2,,,,,,2,,,,,5,1,1,9
20220225,,,,,,,,,3,2,2,,,,4,5,,,,,7,2,4,19
20220226,,,,,,,,,3,2,3,,,,7,7,,,,,7,7,11,37
20220227,,,,,,,,,3,3,4,,,,7,11,,,6,,11,9,15,66
20220228,,,,,1,,,3,3,4,13,,4,,8,20,,,14,,31,41,43,108
20220301,,,,,1,,,3,3,6,14,,4,,9,22,,,14,6,36,44,48,117
20220302,,,,,1,,,3,4,7,17,,6,,11,24,,,24,10,49,55,62,162
20220303,,,,,1,,,4,4,7,17,,8,,13,24,,,28,13,55,65,71,177
20220304,,,,,1,,,4,6,8,18,,9,,15,25,,,33,15,65,91,80,204
20220305,,,,,1,,,4,10,10,20,,9,,16,29,,,41,15,73,106,105,224
20220306,,,,1,1,,,4,10,10,21,,24,,17,32,,,49,18,78,119,118,255
20220307,,,,1,1,,,4,11,11,23,,24,,19,32,,,54,20,85,136,126,261
20220308,,,,1,1,,,5,11,11,24,,24,,19,33,,,53,23,92,151,138,296
20220309,,,,1,1,,,6,11,11,24,,25,,19,33,,,55,24,96,156,141,298
20220310,,,,1,1,,,6,12,12,28,,26,,19,34,,,57,25,101,166,151,302
20220311,,,1,1,1,8,,7,12,13,29,,26,,19,35,,,63,27,111,190,165,334
20220312,,,2,1,1,8,,7,12,15,31,,26,,20,35,,,64,29,111,193,171,343
20220313,,,2,1,1,8,,7,12,15,31,,26,,20,35,,,64,29,112,198,173,346
20220314,,,2,1,2,9,,9,13,15,30,,26,,23,37,,,64,31,128,209,185,407
20220315,,,2,1,2,9,,9,13,15,32,,31,,25,38,,,67,31,136,217,194,414
20220316,,,2,1,2,9,,11,13,32,32,,31,,25,38,,,68,32,140,229,201,420
20220317,,,2,2,4,9,,11,13,32,32,,33,,26,50,,,69,34,150,237,211,482
20220318,,,2,2,4,9,,11,13,34,35,,33,,27,52,,,70,37,163,244,225,499
20220319,,,2,2,4,9,,12,13,34,35,,34,,30,52,,,70,37,165,251,232,520
20220320,,,2,2,4,9,,12,15,34,39,,36,,30,55,,,70,39,173,263,244,544
20220321,,,2,2,4,9,,12,15,34,39,,36,,30,55,,,70,40,173,263,245,544
20220322,,1,2,2,4,9,,12,15,35,39,,41,,31,55,,,70,44,179,270,255,547
20220323,,1,2,2,6,9,,12,15,35,40,,41,,32,57,,,70,46,190,277,260,567
20220324,,3,2,2,6,9,,12,15,35,40,,41,,34,57,,,71,51,198,280,262,579
20220325,,3,2,2,6,9,,12,16,35,40,,41,,34,62,,52,76,53,210,295,280,587
20220326,,3,2,2,6,9,,12,16,35,40,,41,,34,63,,55,76,56,217,298,289,592
20220327,,3,3,3,6,9,,12,16,36,40,,42,,35,63,,60,77,59,229,310,303,629
20220328,,3,3,3,6,9,,13,17,35,40,,42,,37,64,,61,79,59,232,318,307,640
20220329,,3,3,3,6,9,,13,17,35,40,,43,,37,66,,64,80,60,240,340,322,650
20220330,,3,3,3,6,9,,13,17,36,41,,46,,37,69,,65,81,63,243,347,325,650
20220331,,3,3,3,6,10,,14,17,35,41,,46,,39,70,,67,81,63,244,352,346,652
20220401,,3,3,4,6,11,,17,17,38,41,,47,,44,72,,70,81,65,263,388,374,667
20220402,,3,3,4,6,11,,17,17,38,41,,47,,44,73,,70,81,66,266,391,374,667
20220403,,3,3,4,6,11,,17,19,38,42,,48,,46,74,,73,84,75,279,410,399,694
20220404,,3,3,7,6,12,,19,20,38,43,,49,,47,77,,77,87,79,279,425,410,698
20220405,,3,3,7,6,12,,19,20,32,44,,50,,47,77,,80,87,79,279,427,446,714
20220406,,3,3,8,6,13,,20,20,32,49,,52,,49,81,,86,89,83,283,452,453,728
20220407,,3,4,9,7,13,,21,20,32,51,,52,,49,81,,86,90,83,284,448,465,750
20220408,,3,4,9,7,13,,21,20,32,51,,52,,49,81,,87,91,84,284,449,466,751
20220409,,3,4,9,7,13,,21,20,32,51,,53,,49,90,,92,95,90,289,456,485,779
20220410,,3,4,9,7,14,,21,20,32,51,,53,,48,90,61,99,96,93,255,467,489,787
20220411,,3,4,9,7,14,,21,20,32,51,,53,,48,91,61,101,96,95,256,476,497,787
20220412,,3,4,10,7,14,,22,20,32,51,,54,,51,90,62,102,96,95,258,488,503,789
20220413,,4,4,10,7,14,,22,20,32,52,,54,,54,91,62,105,97,96,263,505,520,823
20220414,,4,4,10,7,14,,22,20,32,52,,55,,54,91,63,105,97,97,264,507,520,826
20220415,,4,4,10,7,14,,23,21,33,52,,55,,54,91,63,105,97,97,263,507,520,826
20220416,,4,4,10,7,14,,23,21,33,52,,55,,54,93,63,106,97,97,278,505,521,827
20220417,,4,4,10,7,14,,23,21,34,52,,56,,54,93,63,108,97,97,303,510,523,832
20220418,,4,4,10,7,14,,23,22,35,52,,56,,55,94,63,109,101,97,306,519,532,834
20220419,,4,4,10,7,14,,23,22,35,52,,56,,55,96,63,109,101,97,306,519,532,834
20220420,,4,4,10,7,14,,24,22,35,53,,56,,55,95,63,110,101,97,311,525,557,841
20220421,,4,4,10,7,14,,24,24,37,53,,56,,58,95,63,111,101,97,314,531,561,856
20220422,,4,4,10,7,14,,24,24,37,53,,56,,58,95,63,111,101,97,314,531,561,856
20220423,,4,4,10,7,14,,25,24,36,53,,57,,58,99,65,114,102,99,315,543,576,857
20220424,,4,4,10,7,14,,25,24,36,53,,57,,59,99,65,114,102,100,318,551,591,857
20220425,,4,4,10,7,14,,25,24,37,53,,57,,59,100,66,118,103,101,318,562,610,861
20220426,,4,4,10,8,14,,25,26,38,53,,57,,59,100,67,118,103,101,320,571,613,862
20220427,,4,4,10,8,14,,25,26,38,53,,57,,59,101,67,118,103,101,321,579,619,867
20220428,,4,4,10,8,14,,25,26,38,53,,57,,59,101,67,119,103,101,321,584,621,867
20220429,,4,4,10,8,14,,25,26,38,54,,57,,62,101,67,119,103,101,322,587,622,870
20220430,,4,4,10,8,15,,25,26,39,54,,59,,63,101,71,121,103,102,319,595,648,878
20220501,,4,4,10,8,15,,25,26,39,54,,59,,63,101,71,121,103,102,322,606,651,878
20220502,,6,5,10,8,15,,25,26,39,55,,59,,64,102,71,121,105,102,324,600,652,884
20220503,,6,6,10,8,15,,25,26,39,56,,59,,64,102,72,122,107,102,327,600,661,894
20220504,,6,6,10,8,15,,25,26,39,56,,59,,62,102,72,123,108,103,341,605,667,907
20220505,,6,6,10,8,15,,25,26,39,56,,59,,62,102,73,123,108,103,349,608,675,915
20220506,,6,6,10,8,15,,25,26,40,57,,59,,62,102,73,123,108,103,351,625,686,916
20220507,,7,6,10,8,15,14,25,26,40,58,,59,,62,102,73,122,108,103,338,623,686,918
20220508,,9,6,10,8,15,14,25,26,41,58,,59,,62,103,73,129,108,105,342,633,694,919
20220509,,9,6,10,8,15,14,25,26,41,59,,59,,63,108,73,133,108,106,344,641,702,942
20220510,,9,6,10,8,15,14,25,26,41,59,,59,,63,108,73,133,108,107,345,645,704,942
20220511,,9,6,10,8,15,14,25,26,41,59,,60,,66,108,73,133,108,110,356,662,705,948
20220512,,9,6,10,8,15,14,25,26,41,59,,60,,66,108,73,133,108,110,356,662,705,948
20220513,,9,6,10,8,15,14,26,26,41,59,,61,,66,108,73,134,108,112,361,668,716,955
20220514,,9,6,10,8,15,14,26,26,41,59,,61,,66,109,74,136,108,112,365,669,721,957
20220515,,9,6,10,8,15,14,26,26,41,59,,61,,66,109,74,136,108,112,365,669,721,957
20220516,,9,6,10,8,15,14,26,26,41,59,,61,,66,109,74,136,108,112,365,669,721,957
20220517,,9,6,10,8,15,14,26,26,41,59,,61,,66,109,74,136,108,112,365,669,721,957
20220518,,9,6,10,8,15,14,26,26,41,59,,61,,66,109,74,136,108,112,365,669,721,957
20220519,,9,6,10,8,15,14,26,26,41,59,,61,,66,109,74,136,108,112,365,671,725,957
20220520,,9,6,10,8,15,14,26,26,42,62,,61,,66,109,75,136,108,112,368,682,730,958
20220521,,9,6,10,9,15,14,26,26,42,63,,61,,67,109,76,136,109,114,369,685,737,960
20220522,,9,6,10,9,15,15,26,26,42,63,,61,,67,109,76,136,110,117,383,691,754,971
20220523,,9,6,10,9,15,15,26,26,42,63,,61,,69,109,77,136,110,117,391,694,756,1075
20220524,,9,6,10,9,15,15,26,26,42,63,,61,,69,109,77,138,111,117,396,696,763,1177
20220525,,9,6,10,9,15,17,26,27,43,63,,61,,69,110,78,143,111,117,400,718,793,1177
20220526,,9,7,10,9,15,17,26,27,43,63,,61,,69,110,79,156,111,117,404,733,802,1182
20220527,,9,7,10,9,16,17,26,28,43,63,,61,,69,110,79,156,112,117,405,734,804,1184
20220528,,9,7,10,9,15,17,26,29,43,63,,61,,69,110,79,159,112,119,411,736,806,1185
20220529,,9,7,10,9,15,17,26,29,43,63,,61,,69,110,79,159,112,120,411,738,809,1184
20220530,,9,7,10,9,15,17,26,29,43,63,,61,,69,110,79,159,112,120,411,741,818,1185
20220531,,9,7,10,9,15,17,26,29,43,63,,61,,69,110,79,159,112,120,412,742,819,1186
20220601,,9,7,10,9,15,17,26,29,43,63,,61,,69,110,79,159,112,120,413,747,825,1187
20220602,,9,7,10,9,15,17,26,30,43,63,,61,,69,110,79,159,112,120,413,749,825,1187
20220603,,9,7,10,9,15,17,26,30,43,63,,61,,69,110,79,159,112,120,413,751,825,1187
20220604,,9,7,10,9,15,19,26,30,44,63,,62,,69,110,80,159,112,120,416,761,829,1189
20220605,,9,7,10,9,15,19,26,30,45,63,,62,,70,110,80,159,112,120,417,759,828,1190
20220606,,9,7,10,9,15,19,26,30,45,63,,62,,69,110,80,159,115,119,417,761,832,1191
20220607,,9,7,10,9,15,19,27,30,45,63,,62,,69,110,80,159,115,119,419,761,834,1194
20220608,,9,7,10,9,15,20,27,30,46,63,,63,,71,112,80,158,115,119,419,760,840,1200
20220609,,9,7,10,9,15,20,27,30,46,63,,63,,71,108,80,158,115,119,420,762,840,1202
20220610,,9,7,10,9,15,20,27,31,46,63,,64,,79,108,80,157,116,119,422,766,845,1212
20220611,,9,7,10,9,15,20,27,31,46,63,,64,,79,108,80,157,116,120,422,767,846,1215
20220612,,9,7,10,9,15,20,27,31,47,63,,64,,79,108,80,157,116,121,426,774,848,1226
20220613,,9,7,10,9,15,20,27,31,47,63,,64,,82,108,80,157,116,121,430,774,851,1226
20220614,,9,7,10,9,15,20,27,31,47,63,,64,,82,108,80,157,116,121,432,774,853,1226
20220615,,9,7,10,9,15,20,27,31,47,63,,64,,82,108,80,157,116,121,432,774,853,1226
20220616,,9,7,10,10,15,21,27,32,48,63,,64,,82,108,80,157,116,121,432,781,854,1200
20220617,,9,7,10,10,15,21,27,32,48,63,,64,,82,108,80,157,116,121,432,781,854,1200
20220618,,9,7,10,10,15,21,27,32,49,63,,64,,82,108,86,168,116,122,432,762,854,1181
20220619,,10,7,10,10,15,21,27,33,49,63,,65,,79,108,85,166,117,124,434,767,865,1183
20220620,,10,7,10,10,15,21,27,33,49,63,,65,,79,108,85,166,117,124,434,767,865,1183
20220621,,10,7,10,10,15,21,27,35,49,63,,65,,79,108,85,166,117,124,435,770,873,1184
20220622,,10,7,10,10,15,21,27,35,49,63,,65,,79,108,85,166,117,124,435,770,873,1184
20220623,,10,7,10,10,15,21,27,35,49,63,,65,,79,108,85,166,117,124,435,770,873,1184
20220624,,10,7,10,10,15,21,27,35,49,63,,65,,79,108,85,166,117,124,435,770,873,1184
20220625,,10,7,10,10,15,21,27,35,49,63,,65,,79,108,85,166,117,124,435,770,873,1184
20220626,,10,7,10,10,15,21,27,35,49,63,,65,,82,108,85,167,117,124,435,770,873,1191
20220627,,10,7,10,10,15,21,27,35,49,63,,65,,85,108,85,167,117,124,435,770,873,1197
20220628,,10,7,10,10,15,21,28,35,49,63,,68,,85,109,86,169,120,126,457,804,887,1202
20220629,,10,7,10,10,15,21,29,35,49,63,,68,,85,109,87,171,121,132,467,808,915,1194
20220630,,10,7,10,10,15,21,29,35,49,63,,68,,85,109,87,171,121,132,468,808,912,1194
20220701,,10,7,10,10,15,21,29,35,49,63,,68,,85,109,87,171,121,132,468,808,912,1194
20220702,,10,7,10,10,15,21,29,35,49,63,,68,,89,110,88,172,122,133,478,821,921,1209
20220703,,10,7,10,10,15,21,29,35,49,63,,68,,88,110,88,172,122,132,478,824,919,1209
20220704,,10,7,11,10,15,21,29,35,49,64,,68,,89,110,89,172,123,132,471,831,917,1211
20220705,,10,7,11,10,15,21,29,35,49,64,,68,,90,110,90,172,123,132,471,834,922,1214
20220706,,10,7,11,10,15,21,29,35,49,64,,68,,90,110,90,172,123,132,472,836,922,1217
20220707,,10,7,11,10,15,21,29,35,49,64,,68,,90,110,90,172,123,132,475,848,906,1217
20220708,,10,7,11,10,15,21,29,35,49,65,,68,,90,112,90,172,123,132,476,853,911,1228
20220709,,10,7,11,10,15,21,29,35,49,65,,69,,90,112,90,173,123,132,480,857,914,1231
20220710,,10,7,11,10,15,21,29,35,49,65,,69,,90,112,90,173,123,132,481,862,914,1232
20220711,,10,7,11,10,15,21,29,35,49,65,,71,,90,112,90,173,123,133,483,869,916,1237
20220712,,10,7,11,10,15,21,29,35,49,65,,71,,90,112,90,173,124,133,487,869,920,1237
20220713,,10,7,11,10,15,21,29,35,49,65,,71,,91,112,90,173,125,134,490,868,922,1238
20220714,,10,7,11,10,15,21,29,35,49,65,,71,,91,112,90,173,127,134,491,869,924,1247
20220715,,10,7,11,10,15,21,29,35,49,65,,71,,91,112,90,173,127,135,491,873,924,1254
20220716,,10,7,11,10,15,21,29,35,49,65,,71,,91,112,90,173,128,136,495,876,925,1255
20220717,,10,7,11,10,15,21,29,35,49,65,,71,,91,112,90,173,127,136,496,882,924,1259
20220718,,10,7,11,10,15,21,30,36,49,65,,71,,91,113,91,173,126,138,495,867,949,1259
20220719,,10,7,12,10,15,21,30,38,49,65,,71,,92,113,94,175,127,139,499,871,951,1254
20220720,,10,7,12,10,15,21,30,38,49,65,,72,,92,114,95,176,128,140,499,874,953,1254
20220721,,10,7,12,10,15,21,30,38,49,65,,72,,92,114,95,176,128,143,499,873,953,1254
20220722,,10,7,12,10,15,21,30,38,49,65,,72,,92,114,95,176,128,143,499,873,953,1254
20220723,,10,7,12,10,15,21,30,38,49,65,,72,,93,114,95,176,130,143,504,882,958,1258
20220724,,11,7,12,10,15,21,30,38,49,67,,72,,93,114,96,174,130,145,505,885,965,1262
20220725,,11,7,12,10,15,21,30,38,49,67,,72,,94,114,96,175,130,146,507,887,963,1265
20220726,,11,7,12,10,15,21,30,38,49,67,,72,,94,114,96,176,131,146,507,892,966,1264
20220727,,11,7,12,10,15,21,31,38,49,67,,72,,94,114,99,179,137,148,506,898,978,1365
20220728,,11,7,12,10,15,21,31,38,49,67,,72,,94,114,99,179,137,148,507,900,981,1365
20220729,,11,7,12,10,15,21,31,38,49,67,,72,,94,114,99,179,137,148,507,903,983,1369
20220730,,11,7,12,10,15,21,31,38,49,67,,72,,94,114,99,179,137,148,506,910,985,1371
20220731,,11,7,12,11,16,22,31,38,49,67,,72,,94,114,101,179,137,150,507,916,987,1376
20220801,,11,7,12,11,16,22,32,38,49,67,,74,,94,114,101,179,137,150,509,920,990,1377
20220802,,11,7,12,11,16,22,32,38,49,68,,74,,94,114,101,179,138,150,512,923,993,1378
20220803,,11,7,12,11,16,22,32,38,49,68,,74,,94,114,102,180,139,152,513,925,997,1379
20220804,,11,7,12,11,16,22,32,38,49,68,,74,,94,114,102,180,139,152,516,925,1000,1381
20220805,,11,7,12,11,16,22,32,38,49,68,,74,,94,114,101,180,140,152,515,926,1003,1383
20220806,,11,7,12,11,16,22,32,38,49,68,,74,,94,114,102,180,142,152,518,929,1004,1385
20220807,,11,7,12,11,16,22,32,38,49,68,,74,,95,114,102,180,142,152,521,931,1010,1387
20220808,,11,7,13,11,16,22,32,38,49,68,,74,,95,114,102,180,142,152,521,930,1017,1388
20220809,,11,7,13,11,17,22,32,39,49,68,,75,,92,114,105,178,142,151,528,933,1016,1390
20220810,,11,7,13,11,17,22,32,50,49,68,,75,,92,114,106,179,141,151,530,936,1016,1396
20220811,,11,7,13,12,17,22,32,50,49,68,,75,,92,114,107,179,141,152,534,939,1020,1401
20220812,,11,7,13,12,17,22,32,50,49,68,,75,,93,114,108,179,142,152,534,940,1024,1402
20220813,,11,7,13,12,17,22,32,51,49,68,53,75,,93,115,108,179,142,152,503,942,1026,1391
20220814,,11,7,13,12,17,22,32,51,49,68,53,75,,93,115,108,179,142,154,505,946,1027,1383
20220815,,11,7,13,12,17,22,32,51,51,68,53,75,,93,115,108,179,142,154,506,952,1029,1384
20220816,,11,7,13,12,17,22,32,51,51,68,53,75,,93,115,108,179,142,154,508,955,1029,1385
20220817,,11,7,13,12,17,22,32,51,51,68,53,75,,93,115,108,179,142,154,511,961,1029,1387
20220818,,11,7,13,12,17,22,32,51,51,68,53,75,,94,115,108,179,142,155,511,964,1030,1389
20220819,,11,7,13,12,17,22,32,51,51,68,53,75,,94,115,108,180,142,155,513,969,1033,1389
20220820,,11,7,14,13,17,22,32,51,51,68,53,75,,94,115,108,180,142,155,514,970,1035,1389
20220821,,11,7,14,13,17,22,31,51,51,68,53,75,,94,115,108,180,142,155,502,968,1047,1389
20220822,,11,7,14,13,18,22,30,52,50,66,53,76,,92,114,114,183,142,161,501,970,1060,1437
20220823,,11,7,14,13,18,22,30,52,49,66,53,76,,92,114,114,184,143,162,502,970,1059,1445
20220824,,11,7,14,13,17,22,30,52,49,67,53,76,,90,114,114,184,143,162,504,972,1048,1445
20220825,,11,7,14,13,17,22,30,52,49,67,53,78,,90,114,114,184,143,162,507,978,1053,1445
20220826,,11,7,14,13,17,22,30,52,49,67,53,78,,90,114,114,184,143,162,507,978,1053,1445
20220827,,11,7,14,13,17,22,30,52,49,67,53,78,,90,114,113,184,143,161,508,980,1059,1444
20220828,,11,7,14,13,17,22,30,52,50,67,53,78,,90,114,113,184,143,161,508,989,1063,1447
20220829,,11,7,14,13,17,22,30,52,49,67,53,78,,90,114,113,184,143,162,508,988,1063,1448
20220830,,11,7,14,13,17,22,30,52,49,67,53,79,,90,114,113,184,143,163,511,990,1065,1452
20220831,,11,7,14,13,17,22,30,52,49,67,53,78,,90,114,113,184,143,164,511,994,1071,1454
20220901,,11,7,14,13,17,23,30,52,49,67,53,78,,90,114,113,184,143,165,512,994,1072,1455
20220902,,11,7,14,13,17,23,30,52,49,67,53,78,,90,114,113,185,145,165,514,998,1077,1455
20220903,,11,7,14,13,17,23,30,52,49,68,53,78,,90,114,113,185,145,165,519,1004,1086,1457
20220904,,11,7,14,14,17,23,30,52,49,68,53,79,,90,114,114,185,146,165,521,1008,1089,1458
20220905,,11,7,14,14,17,23,30,52,49,71,53,79,,90,114,114,185,146,166,523,1012,1098,1461
20220906,,11,7,14,14,17,23,30,52,49,71,53,79,,90,114,114,185,146,166,523,1012,1098,1461
20220907,,11,10,14,14,17,24,31,53,49,71,53,83,,93,115,115,186,150,170,526,1023,1117,1472
20220908,,11,11,14,14,17,24,32,53,49,71,53,84,,95,115,116,187,151,172,527,1029,1138,1482
20220909,,11,11,15,14,17,24,32,53,48,72,53,85,,95,115,116,187,153,173,529,1037,1147,1496
20220910,,11,11,15,14,18,25,32,54,48,72,53,86,,96,117,122,190,154,178,533,1049,1163,1513
20220911,,11,11,15,14,18,25,33,53,48,72,53,86,,97,118,124,195,154,181,544,1073,1194,1533
20220912,,11,11,15,14,18,25,33,56,48,72,55,89,,104,119,127,199,156,191,559,1087,1214,1547
20220913,,11,11,15,15,18,25,33,56,48,72,56,89,,104,122,133,200,158,195,568,1112,1232,1557
20220914,,11,9,15,15,18,25,33,56,48,72,59,89,,109,126,140,201,163,200,572,1122,1253,1566
20220915,,11,10,15,15,18,25,33,56,48,72,59,90,,109,127,142,203,164,202,583,1130,1264,1571
20220916,,11,10,15,15,18,25,33,56,48,72,59,90,,109,127,142,203,164,202,583,1128,1264,1572
20220917,,11,10,15,15,18,25,33,56,49,72,59,90,,109,127,142,204,165,206,594,1135,1273,1607
20220918,,11,10,15,15,18,25,33,56,49,72,59,91,,109,127,140,204,165,208,597,1147,1277,1611
20220919,,11,10,15,15,18,25,33,56,49,72,60,91,,109,127,140,204,162,205,600,1156,1280,1611
20220920,,11,10,15,15,18,25,33,56,49,72,60,91,,109,127,140,204,162,206,600,1157,1280,1611
20220921,,11,10,15,15,18,25,35,56,49,72,61,92,,109,129,154,205,164,210,603,1176,1291,1654
20220922,,11,10,15,15,18,25,35,56,50,72,61,92,,109,129,155,206,164,211,606,1183,1304,1658
20220923,,11,10,15,15,18,25,35,56,50,72,61,94,,109,129,156,207,165,212,610,1186,1308,1670
20220924,,11,10,15,15,20,25,35,58,50,72,61,94,,109,129,156,208,166,211,614,1188,1314,1675
20220925,,11,10,15,15,20,25,35,58,50,72,61,95,,109,129,156,208,166,211,614,1192,1315,1675
20220926,,11,11,15,16,20,25,35,58,50,72,61,95,,109,129,153,209,163,211,619,1180,1321,1676
20220927,,11,11,16,16,20,25,35,58,50,73,61,98,,110,130,154,211,163,213,621,1187,1324,1686
20220928,,11,11,16,16,20,25,36,58,50,73,61,99,,114,131,156,212,164,213,625,1190,1336,1698
20220929,,11,11,16,16,20,25,36,58,50,73,62,99,,114,132,157,214,204,216,585,1211,1345,1712
20220930,,11,11,16,16,20,25,36,58,50,73,63,99,,115,137,161,216,204,218,589,1224,1355,1715
20221001,,11,11,16,16,20,26,36,59,51,73,63,99,,117,139,162,217,204,218,589,1232,1366,1726
20221002,,11,11,16,16,20,26,36,59,52,73,63,100,,117,141,163,219,205,218,594,1241,1377,1731
20221003,,11,11,16,16,20,26,37,60,52,73,63,101,,118,141,163,220,208,218,598,1248,1380,1742
20221004,,11,13,16,16,20,26,37,60,52,73,63,101,,118,142,164,220,212,218,602,1262,1387,1750
20221005,,11,13,16,16,20,26,37,60,52,73,63,103,,120,142,164,221,214,218,604,1280,1400,1755
20221006,,11,13,16,16,20,26,39,60,52,73,65,105,,124,143,164,221,215,219,608,1292,1406,1761
20221007,,11,14,16,16,20,26,39,60,52,73,64,107,,126,143,164,222,215,220,617,1298,1415,1768
20221008,,11,14,16,16,20,26,39,60,53,74,64,109,,126,143,164,222,218,221,620,1300,1429,1773
20221009,,11,15,16,16,20,26,41,61,53,75,64,111,,126,143,164,223,220,223,630,1312,1443,1783
20221010,,11,15,16,16,20,26,40,61,53,75,64,111,,126,143,164,223,220,223,630,1311,1442,1781
20221011,,11,15,16,16,20,26,38,62,53,75,65,111,,131,145,165,223,225,228,633,1324,1452,1796
20221012,,11,15,16,16,20,26,38,62,53,76,65,111,,136,145,165,223,227,231,634,1329,1459,1802
20221013,,11,15,16,16,20,26,38,62,53,76,65,111,,133,145,165,223,226,231,634,1329,1459,1802
20221014,,11,15,16,16,20,26,39,62,53,76,65,113,,137,150,168,223,229,235,643,1337,1466,1810
20221015,,11,15,16,16,20,26,39,62,53,76,65,114,,137,151,169,223,230,235,646,1342,1474,1813
20221016,,11,15,16,16,20,26,39,62,53,76,65,114,,137,152,169,223,230,235,647,1347,1475,1815
20221017,,11,15,16,16,20,27,39,63,53,78,69,116,,142,157,177,231,240,243,675,1393,1570,1882
20221018,,11,15,16,16,20,27,39,63,53,78,69,118,,142,157,177,232,241,247,676,1400,1576,1886
20221019,,11,15,16,16,20,27,39,63,54,78,71,120,,143,158,178,232,243,247,676,1393,1578,1889
20221020,,11,15,16,16,20,27,39,63,54,78,72,120,,143,160,178,234,244,248,680,1398,1582,1891
20221021,,11,15,16,16,20,27,39,63,54,78,73,120,,144,160,178,234,244,248,680,1399,1587,1893
20221022,,11,15,16,16,20,27,39,63,54,78,73,121,,144,160,179,235,244,249,680,1401,1594,1894
20221023,,11,15,16,16,20,27,40,63,54,78,73,120,,144,159,181,235,245,250,681,1407,1602,1898
20221024,,11,15,16,16,20,28,41,63,54,78,74,120,,145,161,183,235,246,251,682,1415,1610,1902
20221025,,11,15,16,16,20,28,41,63,54,78,74,120,,146,164,184,237,249,252,682,1420,1613,1910
20221026,,11,15,16,16,20,28,41,63,54,78,74,121,,146,165,185,237,252,252,686,1426,1618,1926
20221027,,11,15,16,16,20,28,41,63,54,78,74,122,,147,165,185,237,252,253,687,1429,1622,1931
20221028,,11,15,16,16,20,28,41,63,54,75,72,123,,148,163,185,237,251,253,681,1412,1613,1933
20221029,,13,15,16,17,20,28,41,63,54,75,74,123,,148,163,181,235,250,256,683,1419,1618,1894
20221030,,13,15,16,17,20,28,41,63,54,75,74,123,,148,163,181,235,250,256,683,1419,1618,1894
20221031,,13,15,16,17,20,28,41,63,57,75,75,124,,148,165,183,235,250,258,685,1429,1633,1903
20221101,,13,15,16,17,20,28,41,63,57,73,74,123,,146,161,184,237,251,257,682,1417,1618,1893
20221102,,12,15,16,18,20,28,41,63,57,75,74,123,,146,161,184,237,252,257,683,1420,1626,1903
20221103,,12,15,16,18,20,28,41,63,57,75,74,123,,146,161,184,237,252,257,683,1420,1626,1903
20221104,,12,15,16,18,20,28,41,63,57,75,74,123,,146,161,184,237,252,257,683,1420,1626,1903
20221105,,12,15,16,18,20,28,41,63,57,75,74,123,,146,161,184,237,252,257,683,1420,1626,1903
20221106,,12,15,16,18,20,28,41,63,57,75,74,123,,146,161,184,237,252,257,683,1420,1626,1903
20221107,,12,15,18,18,21,28,42,63,57,75,75,123,,147,163,187,241,254,257,684,1445,1660,1915
20221108,,12,15,18,18,21,29,42,63,57,76,75,123,,149,163,188,241,255,258,684,1450,1661,1916
20221109,,12,15,18,18,21,29,42,63,57,76,75,123,,149,163,188,242,260,261,686,1460,1669,1920
20221110,,12,15,18,18,21,29,42,63,57,76,78,128,,149,163,190,242,259,264,691,1465,1682,1927
20221111,,12,15,18,19,21,29,42,63,57,77,78,128,,149,165,190,243,263,265,694,1476,1690,1944
20221112,,12,15,19,19,22,29,43,63,57,77,79,129,,149,165,190,245,265,270,699,1477,1712,1950
20221113,,12,15,21,20,22,29,44,63,63,77,79,134,,151,165,191,245,266,273,703,1485,1723,1966
20221114,,12,15,21,20,22,29,44,63,63,77,79,134,,151,165,191,245,266,273,703,1485,1723,1966
20221115,4,12,15,21,20,22,29,44,63,67,77,82,135,145,151,165,191,245,266,283,705,1491,1732,1979
20221116,4,12,15,21,20,22,29,44,63,67,77,82,135,145,151,165,191,245,266,283,705,1491,1732,1979
20221117,4,12,15,21,21,22,29,44,63,67,77,82,137,145,154,165,192,245,269,286,714,1494,1739,1979
20221118,4,12,15,21,21,22,29,44,63,71,77,82,139,145,154,166,193,245,269,288,715,1499,1745,1984
20221119,4,12,15,21,21,22,29,44,63,71,77,82,139,145,154,166,193,245,269,288,715,1500,1745,1984
20221120,4,12,15,21,21,22,28,44,63,71,77,82,141,145,154,166,193,245,269,290,718,1504,1750,1986
20221121,4,12,16,21,21,22,28,44,63,71,77,82,141,145,154,167,193,245,270,290,718,1503,1756,1988
20221122,4,12,16,21,21,22,28,44,63,71,77,82,141,145,154,167,193,245,270,290,718,1503,1756,1988
20221123,4,12,16,21,21,22,28,44,63,71,77,82,141,145,154,168,194,245,271,289,721,1505,1760,1992
20221124,4,12,16,21,21,22,28,44,63,71,77,82,141,145,154,168,194,245,271,289,721,1505,1760,1992
20221125,4,12,16,21,22,22,28,44,63,71,77,82,142,145,156,168,194,246,272,290,721,1513,1764,1995
20221126,4,12,16,21,22,22,28,44,63,71,77,85,142,146,159,169,195,247,272,290,722,1517,1766,2007
20221127,4,12,16,21,22,22,29,44,63,71,77,86,142,146,159,169,195,247,274,290,724,1520,1776,2011
20221128,4,12,16,21,22,22,29,44,63,71,77,86,142,146,159,169,195,247,274,290,724,1520,1776,2011
20221129,4,12,16,21,22,22,29,44,63,71,77,86,142,147,159,170,198,247,274,292,728,1523,1789,2021
20221130,4,12,16,21,22,22,29,44,63,71,77,86,142,147,159,170,198,247,274,292,728,1523,1789,2021
20221201,4,12,16,21,22,22,29,44,63,71,77,86,143,148,159,170,199,247,274,293,729,1530,1793,2029
20221202,4,12,16,21,22,22,29,44,63,71,77,86,143,148,159,170,199,247,274,293,729,1530,1793,2029
20221203,4,12,16,21,22,22,30,44,63,71,78,86,143,148,159,169,201,247,274,295,733,1538,1802,2039
20221204,4,12,16,21,22,22,30,44,63,71,78,86,143,148,159,169,201,247,274,295,733,1538,1802,2039
20221205,4,12,16,21,22,22,30,44,66,72,78,86,143,149,159,170,203,249,274,295,735,1541,1814,2047
20221206,4,12,16,21,22,22,30,44,66,72,78,86,143,149,159,170,203,249,274,295,735,1541,1814,2047
20221207,4,12,16,21,22,22,30,44,66,72,78,86,144,149,159,172,204,249,275,297,735,1545,1821,2051
20221208,4,12,16,21,22,22,30,44,66,72,78,86,145,149,159,175,205,252,275,298,739,1551,1832,2102
20221209,4,12,16,21,22,22,30,44,66,72,78,86,145,149,159,175,205,252,275,298,739,1551,1832,2102
20221210,4,12,16,21,22,22,30,44,67,72,77,87,149,149,159,175,206,252,278,299,739,1566,1837,2114
20221211,4,12,16,21,22,22,30,44,67,72,77,87,149,149,159,175,206,252,278,299,739,1566,1837,2114
20221212,4,12,16,21,22,22,30,44,67,72,78,87,154,149,160,175,207,252,279,299,737,1570,1852,2114
20221213,4,12,16,21,22,22,30,44,67,72,78,87,154,149,160,175,207,252,279,299,737,1570,1852,2114
20221214,4,12,16,21,22,22,30,44,67,72,79,87,154,149,160,177,208,255,280,299,740,1579,1861,2126
20221215,4,12,16,21,22,22,30,44,67,72,79,87,154,149,160,177,208,255,280,299,740,1579,1861,2126
20221216,4,12,16,21,22,22,30,44,67,72,79,87,154,149,160,177,208,254,280,299,742,1579,1864,2138
20221217,4,12,16,21,22,22,30,44,67,72,79,87,154,149,160,177,208,254,280,299,742,1579,1864,2138
20221218,4,12,16,21,22,22,30,44,67,72,79,87,154,149,160,177,208,254,280,299,742,1579,1864,2138
20221219,4,12,16,21,22,22,30,44,67,72,79,87,154,149,160,177,208,254,280,299,742,1579,1864,2138
20221220,4,12,16,21,22,23,30,44,67,72,79,90,154,149,161,177,210,258,280,298,744,1585,1871,2146
20221221,4,12,16,20,22,23,30,44,67,73,86,90,155,149,161,177,211,258,280,298,745,1585,1871,2147
20221222,4,12,16,20,22,23,30,44,67,73,86,90,152,150,161,178,211,258,280,301,745,1589,1874,2149
20221223,4,12,16,20,22,23,30,44,67,73,86,90,152,150,161,178,211,258,280,301,745,1590,1874,2151
20221224,4,12,16,20,22,23,30,44,67,73,86,90,152,150,161,178,211,258,280,301,745,1590,1874,2151
20221225,4,12,16,20,22,23,30,43,67,74,83,90,150,150,161,175,212,259,280,299,735,1577,,2145
20221226,4,12,16,20,22,23,30,43,67,74,83,90,150,150,161,175,212,259,280,299,735,1577,,2145
20221227,4,12,16,20,22,23,30,43,67,74,83,90,150,150,164,175,212,259,280,299,738,1584,1861,2146
20221228,4,12,16,20,22,23,30,43,67,74,83,90,150,150,164,175,212,259,280,299,738,1584,1861,2146
20221229,4,12,16,20,22,23,30,43,67,74,83,90,151,150,166,176,214,260,280,300,742,1593,1869,2149
20221230,4,12,16,20,22,23,30,43,67,74,83,90,151,150,166,176,214,260,280,300,742,1593,1869,2149
20221231,4,12,16,20,22,23,31,43,67,74,84,90,151,152,166,176,217,261,283,302,743,1600,1872,2156
